категория,отделения
Проверьте функцию щитовидной железы за 890 руб.,"ДЦ Оккервиль
,ДЦ Академический
,ДЦ на Коллонтай
,ДЦ Охтинский
,ДЦ Апраксин
,ДЦ на Комендантском
,ДЦ Песочный
,ДЦ Бернгардовка
,ДЦ на Ладожской
,ДЦ Пискаревский
,ДЦ Бугры
,ДЦ на Ленинском
,ДЦ Площадь Европы
,ДЦ Бульвар Менделеева
,ДЦ на Лесной
,ДЦ Полюстровский
,ДЦ Васильевский
,ДЦ на Лиговском
,ДЦ Прибалтийский
,ДЦ Владимирский
,ДЦ на Литейном
,ДЦ Приозерский
,ДЦ Володарский
,ДЦ на Луначарского
,ДЦ Ржевка
,ДЦ Волховский
,ДЦ на Маршала Захарова
,ДЦ Рыбацкое
,ДЦ Гаванский
,ДЦ на Маршала Казакова
,ДЦ Сампсониевский
,ДЦ Горелово
,ДЦ на Михаила Дудина
,ДЦ Северо-Западный
,ДЦ Гражданский
,ДЦ на Мужества
,ДЦ Сенная площадь
,ДЦ Девяткино
,ДЦ на Народной
,ДЦ Сертоловский
,ДЦ Дыбенко
,ДЦ на Наставников
,ДЦ Славянка
,ДЦ Елизаровский
,ДЦ на Науки
,ДЦ Таврический
,ДЦ Заневский
,ДЦ на Новаторов
,ДЦ Токсово
,ДЦ Звёздный
,ДЦ на Павловской
,ДЦ Тосненский
,ДЦ Ижорский
,ДЦ на Парашютной
,ДЦ Удельный
,ДЦ Институтский
,ДЦ на Парнасе
,ДЦ Усть-Славянка
,ДЦ Кантемировский
,ДЦ на Петергофской улице
,ДЦ Федоровское
,ДЦ Коломяжский
,ДЦ на Площади Победы
,ДЦ Фрунзенский
,ДЦ Краски Лета
,ДЦ на Пролетарской
,ДЦ Фурштатский
,ДЦ Кудрово
,ДЦ на Просвещения
,ДЦ Царская Столица
,ДЦ Кузьмоловский
,ДЦ на Рощинской
,ДЦ Царскосельский
,ДЦ Купчино
,ДЦ на Руставели
,ДЦ Цивилизация
,ДЦ Лахтинский
,ДЦ на Садовой
,ДЦ Шлиссельбург
,ДЦ Ломоносов
,ДЦ на Старой Деревне
,ДЦ Шушары
,ДЦ Международный
,ДЦ на Старо-Петергофском
,ДЦ Юго-Западный
,ДЦ Металлострой
,ДЦ на Техноложке
,ДЦ Южно-Приморский
,ДЦ Муринский
,ДЦ на Урицкого
,ДЦ Юнтоловский
,ДЦ на Авиаконструкторов
,ДЦ на шоссе Революции
,ДЦ Янино
,ДЦ на Балтийской
,ДЦ на Электросиле
,ДЦ Яхтенный
,ДЦ на Ветеранов
,ДЦ Новая Охта
,ЛП на Московском
,ДЦ на Димитрова
,ДЦ Новоколомяжский
,ЛП на Невском
,ДЦ на Доблести
,ДЦ Новоорловский
,ЛП на Петербургском шоссе
,ДЦ на Дунайском
,ДЦ Новый Оккервиль
, ДЦ Граф Орлов
,ДЦ на Зверевой
,ДЦ Озерки
, ДЦ Варшавский
,ДЦ Московский Квартал
,ЛП на Лермонтова
,ЛП на Набережной
,ЛП на Энергетиков
,ЛП на Спортивной
,ЛП Отрадное
,ДЦ Выборгский
,ДЦ Московский
,ДЦ Балтийская Жемчужина
,ДЦ на Хорошевском шоссе
,ДЦ Балашиха
,ДЦ на Всеволода Вишневского
,ДЦ на Шаболовке
,ДЦ Беляево
,ДЦ на Генерала Белова 
,ДЦ на Юности
,ДЦ Бескудниковский
,ДЦ на Дмитрия Донского
,ДЦ Некрасовка
,ДЦ Братеево
,ДЦ на Дмитрия Ульянова
,ДЦ Нижняя Масловка 
,ДЦ Ватутинки
,ДЦ на Домодедовской
,ДЦ Новогиреево
,ДЦ Град Московский
,ДЦ на Завидной
,ДЦ Новое Аристово
,ДЦ Захарьинские Дворики
,ДЦ на Измайловской
,ДЦ Новое Бутово
,ДЦ Звенигородский
,ДЦ на Калинина
,ДЦ Новокосинский
,ДЦ Зеленоград
,ДЦ на Коминтерна
,ДЦ Новокуркино
,ДЦ Коммунарка
,ДЦ на Корнея Чуковского
,ДЦ Одинцово
,ДЦ Королев
,ДЦ на Красногвардейской
,ДЦ Подольск
,ДЦ Котельники
,ДЦ на Кунцевской
,ДЦ Раменки
,ДЦ Красная Горка
,ДЦ на Курганской
,ДЦ Раменское
,ДЦ Красногорский
,ДЦ на Ленинградском проспекте
,ДЦ Реутов
,ДЦ Кузьминки
,ДЦ на Летчика Ульянина
,ДЦ Сергиев Посад
,ДЦ Лобня
,ДЦ на Лобачевского
,ДЦ Сколковский
,ДЦ Лосиноостровский
,ДЦ на Малой Филевской
,ДЦ Сокольники
,ДЦ Люберцы
,ДЦ на Монаховой
,ДЦ Солнцево
,ДЦ Люблино
,ДЦ на Панфиловской
,ДЦ Сходненская
,ДЦ на Автозаводской
,ДЦ на Перовской
,ДЦ Текстильщики
,ДЦ на Академика Королева
,ДЦ на Петровско-Разумовской
,ДЦ Троицк
,ДЦ на Беломорской
,ДЦ на Проспекте Мира
,ДЦ Черемушки
,ДЦ на Ботаническом саду
,ДЦ на Совхозной
,ЛП на Фруктовой
,ДЦ на Братиславской
,ДЦ на Сукромке
,ЛП Северное Чертаново
,ДЦ на Вавилова
,ДЦ на Таганской
,ЛП Центральное Чертаново
,ДЦ на Вернадского
,ДЦ на Тульской
,ЛП Чертаново
,ДЦ на Водном Стадионе
,ДЦ на Фонвизинской
,ДЦ на Маршала Бирюзова
,ДЦ на Волокаламской
,ДЦ Крылатское
,ДЦ Динамо
,ДЦ на Краснобогатырской
,ДЦ Октябрьское Поле
,ДЦ Люблинский
,ДЦ Сколково
,Армавир
,ДЦ на Новороссийской
,Каменск-Шахтинский
,ДЦ на Красной
,Краснодар
,ДЦ Аврора
,ДЦ Краснодарский
,ДЦ Кругликовский
,ДЦ на Венецианской
,ДЦ на Кореновской
,ДЦ на Петра Метальникова
,ДЦ на Степана Разина
,ДЦ на Тепличной
,ДЦ на Трудовой Славы
,ДЦ на Фестивальном
,ДЦ Солнечный
,ДЦ Юбилейный
,ДЦ Губернский
,ДЦ Городской
,ДЦ на Красных Партизан
,Нижний Новгород
,ДЦ на Ошарской
,Краснодар
,Анапа"
